{
    "ssim_score": 0.8646519780158997,
    "lpips_score": 0.10914020240306854,
    "fid_score": 135.26426062485007,
    "kid_score": NaN,
    "is_score": 0.9999998807907104
}