{
    "ssim_score": 0.8728554844856262,
    "lpips_score": 0.11850573867559433,
    "fid_score": 149.04371140919443,
    "kid_score": -0.020831722531999875,
    "is_score": 1.5216916799545288
}