{
    "ssim_score": 0.8846835494041443,
    "lpips_score": 0.10769445449113846,
    "fid_score": 167.63579054047133,
    "kid_score": -0.10371024661593996,
    "is_score": 1.0
}